FixedEffect,P
-0.08435165258954892,0.8633533927343061
-0.37689993636542113,0.32226674296143426
-0.9829303084750795,0.016541066994787954
-0.5192776040696331,0.14804202425870167
-0.9228299503686883,0.03206600001058594
-1.117559799317266,0.006068240675374689
-0.5119849673202754,0.15592217526604782
-1.1365187400644226,0.016971652575012028
-0.5364570159619259,0.11698477558122183
-0.0630215254327932,0.8694520193050164
-0.02614907284536452,0.9403644030392014
-0.3718815664798191,0.30146204284829026
-0.8012867086155581,0.09332933499765403
-1.1929455232757882,0.0083725519795546
-0.83449049299,0.032871404696255345
-0.4964602193458498,0.2204867550660237
-0.9720216087886002,0.01412608042242821
-0.4891635927363921,0.19584945143368038
-0.7742060747405171,0.036844000264729546
-0.7874306027099636,0.035401930369341715
-0.9632287266767067,0.02022382038812708
-0.38116614842710905,0.31212493785251855
-0.3333005983303297,0.4120765597723367
-1.105573187107015,0.01957091769483996
-0.6007355096141931,0.09837106359956056
-1.1620583702301142,0.005541016431709614
-0.6019691909789566,0.10730949936688029
-1.3549691365570866,0.01302304424896982
-0.6240240350624202,0.10523981156139454
-0.7973821961939558,0.02273531293664629
-0.7889471196376223,0.07301458537843994
-0.30874101564228457,0.43498553773432475
-0.07588528130492775,0.8539554702512165
-0.51997139937269,0.17778340576589918
-0.7336965887384085,0.06083422933521688
-0.7227101834127375,0.07588290237649617
-0.6435193733757456,0.11878969011531025
-0.9647036394440723,0.031227904864482885
-0.5694040454287684,0.1245034181227417
-0.519221729065545,0.18315827528918063
-1.1611153577557374,0.005837218241720323
-0.43434938883087854,0.21771267682571344
-0.679298671082598,0.1617694046925331
-0.7360088597255744,0.0481664989220317
-0.9376152533155228,0.009619210569115922
-0.4812028142793,0.23143587000748383
-0.8921710910209799,0.026447926820169776
-0.44604114105542425,0.241981549371421
-0.5466778201601494,0.20632193703478238
-0.7913335138805808,0.07443406686297298
-0.17563184709033489,0.6820605450767492
-0.20605486489870672,0.5659835782827343
-1.181332161846616,0.0029874437228346153
-0.7286113511727342,0.0741286745186361
-0.2260307449207414,0.5481128533966577
-1.0305844269440918,0.034641162188753086
-1.0381564166388628,0.012067104067412817
-0.6548910000132983,0.09540969803385506
-0.649852416098011,0.12994805811127047
-1.2425245790693276,0.006746567612527222
-0.5384692197732454,0.18572721116378801
-0.8088261551898722,0.04018860374837248
-0.59810699252862,0.1367083884483235
-0.3801818169328966,0.4069238170918824
-1.2787752950883404,0.002400688938893877
-0.30362370581212333,0.4328868666914386
-0.906192425599455,0.022396461231180918
-0.7388473633307693,0.060595982291123354
-0.47302576864747675,0.20300582536426476
-0.5749708559533018,0.19886714090222196
-0.46379413739860653,0.18731191665891408
-0.8130937409730822,0.033068885900439354
-0.5329869114584846,0.12158609450215938
-0.6724550361692064,0.06048481401148938
-0.2578303303610969,0.5073718126745668
-1.3621567723909542,0.0015755737496861136
-0.6596906213773276,0.05592095992948149
-0.8784620483130416,0.019924150433056707
-0.16239587226000454,0.7015359599377688
-0.9438382986607087,0.015036845604722538
-0.5086060830528415,0.21879880436876054
-0.34764608954201653,0.36408735421151744
-0.6830999701002871,0.05777201707025128
-0.3397765700539007,0.29881646700070924
-1.0227366001456029,0.0111754947384668
-0.4252222654921308,0.2960343879479075
-0.17843690611783478,0.6526537739925706
-0.2959586544524519,0.43414976366766506
-0.9724386534319613,0.02203971873293448
-0.5639230840129522,0.1953885812916473
-0.3818112193341767,0.23610051565750473
-0.6543971877484918,0.06485966678371756
-0.5899807057123713,0.10829741780243021
-0.7574336791149007,0.16442234228815852
-0.3411114026844639,0.3757227157692317
-1.257179626796563,0.011097412821343999
-0.8080473325767552,0.053816418907061896
-0.132431589161537,0.7407971328140268
-0.3799893788599663,0.32614249698748016
-0.298558587235816,0.4380876886485675
-0.5070329215418082,0.14461850205803842
-0.19562340451228585,0.5977464327150048
-0.3726042950641109,0.3017385566364854
-0.5750038334771385,0.11604878343884434
-0.9342984231760751,0.024730509474136127
-0.5780464317388626,0.18863632741798583
-0.3334738551330182,0.3929125423444695
-0.599028373012004,0.1424866840593488
-0.36395611930517047,0.2978596955299489
-1.2443051316115759,0.007064276554397407
-0.45763849818617997,0.2191113389346528
-0.9560242874243008,0.016815109122931358
-0.8272928456508547,0.028104293013091523
-0.2439469792631995,0.48097604178317316
-0.456489935199201,0.2329290900096251
-0.4504706299346088,0.21095769756034802
-0.19455460966720536,0.601616216781251
-0.8341878805338199,0.02984771729772285
-0.7623922887172037,0.0814237350245389
-1.3721846309407815,0.0022522361737887394
-0.9614295966205092,0.07184491984359803
-0.4115358627805942,0.23907685873620577
-0.49716740937956916,0.27731762240447166
-0.7239522230066195,0.04187802297595429
-0.3371902440315278,0.4421585826696235
-0.4495823142255026,0.20828539795834092
-0.802522124327713,0.06526112028936273
-1.1746396167162274,0.0015447009236749763
-0.8276574073736281,0.025346866958838754
-0.512958407192579,0.16370954806222277
-0.745340315829063,0.0734035864494629
-0.017442282017824808,0.9646010749223184
-0.8536787624954074,0.080394917939536
-0.878143158723531,0.04541130197349357
-0.5042911321529435,0.18845420924754255
-0.44686332896143016,0.21298864837357379
-0.43120564993936006,0.24926706770767512
-0.8389911095068235,0.031065497323931626
-0.7504804235247483,0.048453379804586375
-0.7292824598809806,0.09767455878921226
-0.2953795463404132,0.4148378993590779
-0.29945143596292384,0.4072426716600315
-0.8639336219625086,0.022410453900181884
-0.4156678297107797,0.32408260451395005
-0.4138396805049234,0.2458268343263002
-0.33588559984602046,0.36950072285664454
-1.2423349077717294,0.0034277020245346724
-0.7506811087745144,0.03952721842215386
-0.4989079397475756,0.20760492829453206
-0.28115940921005356,0.465529852822846
-0.6913172245777299,0.08765897026128915
-0.41647217008819387,0.3555922612818401
-0.1791987840029896,0.6932182703270429
-0.13598151163847597,0.7111457802584539
-1.0177458458798518,0.007544452517690094
-0.06119954869959795,0.8685193823730755
-0.5861291579979644,0.09262910281396013
-0.46487657610602323,0.3183876550590607
-0.8408537333766396,0.030264827233768478
-0.47804743035930525,0.1906053051844756
-1.0551917698160225,0.013037681442613433
-0.7535137847830896,0.05878636335442367
-0.667948953370199,0.10604007731378538
-1.1385364981344757,0.019457579607424887
-0.8555719771966529,0.03143563315649833
-1.3343280841530896,0.0019167061932816813
-0.06765924533562888,0.8523542626818845
-0.3907128711158703,0.28275498858794823
-0.4059161332323787,0.2769474999075467
-0.591342163808874,0.11206668265515603
-0.33769955572114896,0.3605375317112556
-1.2302072697324449,0.006073717414074211
-1.2881966483201936,6.704537981221783e-4
-0.6807861513554941,0.04890072672604904
-0.9812915235554636,0.024613081376745803
-0.3149993872176816,0.39751769590171443
-2.130817406856724,1.0334860775852538e-4
-0.6402209822907609,0.11900544309770282
-1.2981811223240198,0.010081946867623861
-0.5161349239399502,0.17383993859543395
-0.637488846906069,0.09773506493917394
-0.24131602863474394,0.5048378784467804
-0.48040387536441354,0.24094049450734542
-0.8282545221128216,0.04009325391289682
-0.5188086651228442,0.17881707636746616
-0.36039933093599313,0.3412236056791584
-0.3914573286491143,0.3042020779856023
-0.7903756163758697,0.020617989445528173
-0.13268303612719184,0.7685023728508882
-0.7714577132391329,0.0389086147967411
-0.5785022719727172,0.09780001812294921
-0.7188163211900921,0.09310328175682946
-1.358189636629412,0.006413592406740351
-0.4860510833331716,0.2258556941335917
-0.6774371229228016,0.07245363433481136
-0.7757820902611011,0.04651073569898203
-0.4431512928133637,0.21756648342311866
-0.423218388277028,0.24995154392642438
-0.6229110530963882,0.10716831410115223
-1.0443377385217167,0.0051755667855579324
-0.645629788111091,0.057591797317136574
-1.348736491272807,0.0037600309349270417
-0.4844832156824943,0.2800027499173658
-0.8396793068302678,0.03434219009815734
0.035615162852254835,0.9326931098224261
-0.9165180155035314,0.012227866173976747
-0.7713295347020517,0.04959051143932052
-0.2417921468569936,0.52553500344741
0.013984620441339114,0.9722674722157605
-1.0337229809028834,0.026399642610906885
-0.8240300160792958,0.03211137246016075
-0.3794944766180236,0.3353265822359145
-0.7264717041110963,0.06753069084586912
-0.5318231491384658,0.15156543978520212
-0.9672099142962224,0.020521724758909458
-0.6371003018045874,0.08329114978213867
-0.42585157319196704,0.2455110743555142
-0.3715786807813528,0.2913258048267744
-0.2920837352508572,0.48167141302845545
-0.10554114989237354,0.7710664222665251
-1.3833654144119665,0.0025353938556706623
-0.33694785096029345,0.3893704388998786
0.03588485210278693,0.9203192349703615
-0.9323736947610316,0.0506306859824825
-0.42026021808983666,0.26168458749088175
-0.9606086989956174,0.01053392828323615
-0.5279726801768138,0.23509468093532657
-0.417980298069244,0.22954794382172888
-0.5436411169475744,0.1323502839441261
-1.0936341273171706,0.007324767678429071
-1.0082139689983396,0.015967888422368712
-0.05941990283870193,0.8913537596101159
-0.6272126585845674,0.1140808557447863
-0.9102842909375829,0.05081701760200404
-1.2068354587573187,0.0042872323589228665
-0.5863617037623623,0.13183552687969613
-0.3325166622626469,0.34878146227423257
-0.25489860188069247,0.524214712394822
-1.0578277648030447,0.021237133784497392
-0.4691859949913455,0.1961428888796922
-1.1034651009786203,0.00901534427746564
-0.6936893003400042,0.0625040335945523
-1.4279500156488627,0.006010392811418856
-0.6920916497132121,0.06145861354857564
-0.8599908810071096,0.038540128220787104
0.34831423854137655,0.33622097363125536
-0.7201313454544644,0.08667973186382509
-1.0003497286129925,0.010977524007691742
-0.9550453097045413,0.028804006767313806
-0.8961925262221192,0.031086154805847564
-0.3004906762694727,0.42126003538817797
-1.450073306454497,0.007939534173115067
-0.4775115957935859,0.20312878146464294
-0.015464622023620832,0.9686434717383731
-0.2929923496388957,0.43786166043796504
0.0014505348104920052,0.9967173979844132
-0.1979665914871697,0.5735337693025655
-1.1550051114845081,0.010769306883368681
-1.1620304626899214,0.013612978697017868
-0.4549678826840546,0.22546892119109016
-1.105628159187568,0.021999117588025734
-0.07249182239557875,0.861024566229264
-0.6112741308847043,0.09994195017907842
-0.5617029790415955,0.1488546722782963
-0.476386363572342,0.1545844763194627
0.18480278057762473,0.6695123501202938
-1.406078186552246,0.004624110798886391
-0.4704971622062921,0.19964432514816124
-0.7412288756770732,0.04812164028571823
-0.9351364649901033,0.04145777258597588
-0.560526484727613,0.1790896011423118
-0.3450125228302645,0.3309581959156873
-1.1176122184927595,0.010991527815049617
-0.5754232088606831,0.13940243896170623
-0.9263669907803191,0.02000523581756263
-0.676289211165207,0.040476296816009
-1.4778061489612804,0.001706102976549412
-0.3475097436128603,0.35472731915040556
-0.8016905417554695,0.024526877418450586
-0.15563906914886738,0.6707026703030292
-0.7012905685609566,0.07028714466902249
-1.5463987374972883,3.47521336741978e-4
-1.0083664654992244,0.020201107410473724
-0.8450711120299363,0.05546750612727073
-0.7937643722923642,0.054984488027390595
-0.20086601241491622,0.5912449975720763
-0.3908504953796586,0.3441225620091358
-0.368244855778221,0.35083664731138026
-0.4334033846071947,0.2304455543706347
-0.24488101628454734,0.5419338538988765
-0.46492774552448357,0.1909967740514889
-0.1997754119634293,0.5962566216231988
-0.40434426812862834,0.2973692793984113
-0.49451204543768096,0.1751392243674588
-1.19093909540695,0.006280865585985483
-0.9379964434687104,0.020112365658204245
-0.9388498511045912,0.015086720864790118
-0.6238805701149727,0.12216476563611121
-1.1682681463411673,0.004009384946914192
-1.0897998061253968,0.014077806359726497
-0.58074768833684,0.11195945668943963
-1.1846482740660311,0.0041448542481415706
-0.5427731805652524,0.18475900266336626
-0.6445601646841193,0.10937803681025816
-0.811351033416517,0.05011615164853068
-0.46816741495526154,0.24083577926777877
-0.6048785890600812,0.10010995080814898
-1.3716815381669551,0.017364603083172458
-0.9685347678991333,0.006156514276770987
-0.6582784251724519,0.07803389789473922
-0.6105426658748574,0.13352044557046275
-0.6379744682683635,0.0756505571101224
-1.5870328558674018,0.002517487696756526
-1.0321993007101955,0.023091147920074717
-1.0070978170851228,0.009054007055242359
-0.5629416424302723,0.14892889598912415
-0.21315796097464929,0.5515016924845161
-1.2131842581097552,0.002279511030650082
-0.2159608462836716,0.5659987401967295
-1.3006500147074023,0.0011978352527546926
-0.5411432267102412,0.19481505203901447
-0.5874187464225016,0.11939590604976445
-0.578718336399523,0.1639641147273649
-0.09559746743222672,0.7879365692927508
-0.7960875778613752,0.029704573110339933
-1.083554119366265,0.014971067065437126
-1.4214301410509655,3.708106063662564e-4
-0.7358581928507933,0.10502303809371957
-0.31464276125607055,0.4075274377593282
0.13825071203738573,0.6984335564815871
-0.8903765500114381,0.03193872811220654
-0.562379995698207,0.1798678285023469
-0.6628790928490836,0.08919364907779484
-0.6410742798397958,0.07839033199381379
-0.022861686912623923,0.9499104222960997
-0.2886141416011691,0.471582416660109
-0.387592121490835,0.31622980000524326
-0.9404710783220938,0.04211609037428852
-0.3058369141839042,0.4879652579565709
-0.9868997322640358,0.022776510685091157
-0.20759999728603293,0.5670783215991109
-1.0803543075313928,0.00543459963088915
-0.8928776109846,0.007687031947286425
-0.7926367501507301,0.037262987407200694
-0.7405623995520494,0.06967595640095568
-0.41779065640367713,0.27204455638611014
-0.5355482876750397,0.14292751247437854
-0.7187971312113735,0.0493575251090138
-0.7055222401774139,0.0984269640170539
-0.6223468139316174,0.08567875975237338
-0.5387845084506783,0.21571882692946115
-1.2636283807262372,0.008648649306048917
-0.41433327858979874,0.2624091712615282
-0.35381975239061486,0.37202461271312687
-0.9806832126294701,0.016757693742778676
-0.8285332909704911,0.022726999814280106
-0.8117766815143552,0.03655537702016255
-0.36307543384398133,0.3314587601161243
-0.5658185909913769,0.11113308237074516
-0.7741033668773621,0.02581646408140407
-0.28405982039970284,0.4510304060911062
-1.0174187664655217,0.015704159328995757
-1.0403364640025115,0.020360009288809898
-1.2756473236825694,0.005034583157500715
-1.027523094398228,0.011752345880175681
-0.39725704485570285,0.2469910258583818
-1.4625578925062774,0.002641898081075047
-0.56260393972257,0.0938433929255493
-0.8901708713399463,0.010453621105797898
-1.3973653524740213,0.0070403036006177755
-0.8682194761571214,0.026317602712538676
-0.44655527624564023,0.31783085915988624
-0.38923724168992346,0.2696108995996693
-0.7187438206343176,0.06414335647576372
-0.21375298169287071,0.598596962239077
-0.5893354491652553,0.13186632383090338
-0.5386465941704157,0.1632467255980686
-0.5250852015754361,0.14068160342833386
-0.6715427369148352,0.07890245273443404
-0.6082086807589623,0.06926310294707812
-1.3785887730417685,3.509189850820317e-4
-0.2541746221327343,0.525509695162288
-0.11839131568404486,0.7464050456941308
-0.48652447483463707,0.2194091110209319
-0.6882165176520524,0.09108713668455695
0.08388022812554613,0.8164897060796528
-0.3580445020903352,0.3711638668034577
-0.5052782360355317,0.19167440663362811
-0.7430131125509767,0.057199566862750725
-0.43213304982573764,0.29136558778711635
-0.3958939808623079,0.29043811919307055
-0.6851231078041152,0.08601392911508629
-0.8431999223572707,0.03292486544111743
-1.0570357566687316,0.004494859966043513
-0.5669918044440008,0.12426149335186273
-0.4979543506425294,0.17894266435960937
-0.9612168675261052,0.025199495142626767
-1.0047160888723876,0.020125303551583585
-0.8027179367775032,0.0475513579595877
-0.651446611733021,0.08020518708634186
-0.4029954157056596,0.2602004281470414
-0.8396738235165325,0.05397253611900519
-1.014042235294336,0.018178560794541342
-0.4003117925259985,0.30331722304409847
-0.5542109925696498,0.11687388066894878
-0.9346363450476489,0.010921111885284367
-0.818633427592001,0.018393443763930373
-0.7612617936766574,0.03295049801478227
-0.6175444322586141,0.13644927855988137
-0.46784326997114056,0.23933449516279248
-1.3372972440892308,0.0029122310225108126
-0.6649404754350476,0.1608846836050372
-1.2546751658351634,0.00261132076832869
-0.2920702784944664,0.47159571399504374
-0.4729319290881041,0.20312438271273947
-0.684607394351119,0.08608517463920204
-1.3642823246174887,0.0019158028484548301
-1.0430113126101792,0.00784911603046672
-0.8123820525829349,0.027105952375027394
-0.3464812222720607,0.3867349420702203
-0.47168746364203856,0.22389032627608096
-0.6789808057248365,0.09127931918633396
-0.8292735859722268,0.02686493124864942
-0.2234357555385646,0.5673997848708678
-0.5234714982856568,0.1865281832429252
-1.1065323450617912,0.02188064182954423
-0.653140064324468,0.11496473154164939
-0.5785239125312281,0.12077859423395025
-0.31721098989541047,0.3860551766137732
-0.35506414721790375,0.3326168764775927
-1.05188709359051,0.006715450706221246
-0.3027789371521028,0.4536585332013523
-0.21980006361402446,0.553596955427396
-0.7497437110861641,0.059906088653257326
-0.9541040571986041,0.025856038491905334
-0.7590774378935047,0.09486091036256648
-0.39722435249350446,0.24335770220051142
-0.8730026650920355,0.036352448508169814
-0.5418385958073852,0.16499913710819233
-0.5897084844354141,0.16854076481334665
-1.246194676832057,0.004891730234404838
0.042373452369863486,0.9260431397542614
-1.2846717810143011,0.008509156306922517
-0.16824831436626958,0.7071195416042766
-0.6546694006619077,0.09611606041071251
-0.8002793162676954,0.030562504669467333
-0.607021160224817,0.14434891053969956
-0.5550560711747099,0.16651079630914728
0.17198012642701593,0.6633778106568953
-0.6900926864967267,0.08457770717897928
-0.5053712395165595,0.25689360873564376
-0.33139091434482426,0.4766235860885807
-0.5731800038023201,0.2386903435735944
-0.564017038048008,0.11508587363252266
-1.278871847950022,0.0026595583519901517
-1.0143760023912656,0.006474215356987791
-0.5484709305144728,0.23980686296827525
-0.8210168205497574,0.034384866203229655
-1.0687362036570436,0.035354524052703847
-0.9956855060346903,0.026261514528402877
-0.32143672050127126,0.4106413323148459
-0.21055730624825192,0.5565855965803795
-0.6322128537821526,0.14989147971151853
-0.6254296769205179,0.15573254638231535
-0.2877085344480204,0.4527248092086374
-0.5762785195502587,0.11221235031021698
-0.9086761056603213,0.023957935850674048
-0.9651076344452874,0.02907591674225419
-0.7675019452341448,0.02439569406279653
-1.255963499368153,0.007083939303282109
-1.0950737826870833,0.010073099756375043
-0.7822268480162501,0.020198187610735607
-0.950163663353818,0.012282641656851775
0.357875763958571,0.35996531083330824
-0.2624750981329222,0.44286166046215597
-1.3018806894175916,0.004322511669148906
-0.3888095121617122,0.28935631160802167
-1.0499578217164374,0.004362174649318678
-1.3320212128149198,0.0013566556539968474
-0.4025467638391889,0.2624515762229701
-1.220931917962571,0.006778364514456356
-0.28066350385406696,0.4855725852447517
-0.7871648324793991,0.03616220102969856
-0.7440186694028019,0.050458504885641464
-0.7430659236974766,0.06182640584763267
-0.7317249818740925,0.052991999520845
-0.5995428624472093,0.10923358196518972
-0.48784486375378866,0.22017571905310482
-0.12419122337177457,0.7447898056528027
-0.47757372721254854,0.15939189801356307
-0.6588578180433959,0.0930871180977831
-0.6711291821223361,0.088615191620615
-0.9331624328090389,0.025254296121861496
-0.8163341161301546,0.020267949289948607
-0.42316170084557386,0.27284626093313114
-1.1683730366567195,0.004868565529192161
-1.2787967639807853,0.0019381318166605595
-0.7690170438954353,0.04683088549729482
-0.5452968374446429,0.155232926241855
-0.9130142717598987,0.03944433689226943
-1.032492318343697,0.031022794986543603
-0.7372644741757519,0.04155108612098148
-0.7405300873176303,0.06601177650870028
-0.7574181899334654,0.06380171137356008
-0.7670230940923166,0.04363789013108776
-0.8678874937473323,0.03507136164653289
-0.642662925887661,0.09750920619315898
-1.086684766001256,0.0026474342138064454
-0.7214998389159233,0.04505851388148654
-0.7244830271812552,0.05408745049807763
-0.34694123434961366,0.3844663533788225
-1.3661174158646818,3.6576781947979877e-4
-1.0813867761813765,0.01437956584242394
-0.15747664253276794,0.6892083169258748
-0.798007173545077,0.038856972020026075
-0.9526011116017117,0.01782880029742891
-0.7411692834713159,0.06467456979969644
-0.18926903364824846,0.6509348795738135
-0.3449966023343465,0.4058910942831228
-0.9769360247995693,0.024892759815089833
-1.0332209647164303,0.016697205898330257
-0.6018047748448484,0.09038257902340795
-1.090791684929078,0.005070989490273114
-0.7302497885862099,0.05104620036087629
-1.0370979559719256,0.008325821657529776
-0.586457138234179,0.132381995699067
-0.48777194768052995,0.16523098740224276
-0.5332193414853061,0.19918709769005638
-0.30196894218204,0.5563988788095332
-0.5691790350376609,0.1336343781115383
-0.725744371937945,0.07081723850249932
-1.247804094761544,0.0052951257331489395
-0.4742159459911793,0.31579349683027386
-0.5680561637730549,0.10653331153205065
-0.9943256038659923,0.0210700394777343
-0.6694283238795332,0.0512632531164475
-1.0431478940382708,0.00893551101119209
-1.1523881215098184,0.019131423602293925
-0.6836777561175283,0.06646457136713038
-0.4105964616915052,0.29313612502553943
-0.5287710317987846,0.1149668418039338
-0.5023611290885877,0.1768303087147348
-0.6010487166410194,0.13350675864217473
0.02956533811808018,0.9419234219111132
-0.7435233883465523,0.038238610680103625
-0.7312816987993561,0.08794072200035599
-1.2551306094513082,0.007718945547278462
-0.5253410917168111,0.1797364311541381
-1.177522460820836,0.004705758260761044
-0.3307366655371472,0.39162004136880113
-0.4546860742582824,0.2488678425135496
-0.6304227715017706,0.10608253987649875
-0.5690536753877808,0.13304105142487016
-0.26606647451908144,0.49319813820974195
-0.9032168268345797,0.053917905798906055
-0.3462799673455703,0.370906465583196
-0.4628277743955046,0.22924548951427093
-0.49833552569621953,0.17668310384209202
-0.40612027213717455,0.2860350500833788
-0.7409527378863343,0.0280276209369856
-1.7015325501681549,1.1319945916610971e-4
-1.0027943317716792,0.01324413575493351
-1.1557719248614293,0.012458008709155458
-0.3040884704632632,0.4442185880344467
-0.6330670994129841,0.09534086478458431
-0.9526213375273721,0.03125191494661567
-1.2900407472788005,0.004061286767814648
-0.40483176004984106,0.3816264056433977
-0.21414015394850397,0.5431486425369796
-0.5994100192206905,0.11679398884811325
-0.6162102123071471,0.1481676782014455
-0.7611099437298122,0.06530863215992233
-1.0480182658170636,0.009907936778104118
-0.9071010322449761,0.024028003080154618
-0.5245816113492077,0.1783407452335697
-0.5687432442151035,0.13049780053193752
-0.4324798479294047,0.24268059833896632
-0.34841879632437556,0.36471584405429086
-0.6043325150864686,0.13691749073524312
-0.8261427211990156,0.06344046950524376
-1.0079828357704925,0.005993265671819067
-0.7606600019628862,0.03693911776295964
-0.5449846973959075,0.12847420131602807
-0.21916531424793267,0.5396112674421066
-0.5356731560734256,0.1245466435413146
-0.47221067528871474,0.26977337113505595
-0.48704618306051917,0.20491889567986687
-0.5456306319798777,0.1394702566207496
-0.7165422625737192,0.128464331009356
-0.31983451958216086,0.4046698732780627
-0.7392573847404403,0.0831496453291461
-0.5081475530345047,0.22368030295784008
-0.543727737383495,0.1310216979790184
-0.6204681620002988,0.118195365919646
-0.1273191270729793,0.7639621978567189
-0.3007331415800548,0.37242938425647065
-0.9837760949844572,0.012047696272307128
-0.3586464962813158,0.3233329527611716
-0.8313740019765641,0.038168746303139
-0.35348063653407374,0.35345543438459137
-0.4793504716465761,0.26969361142536186
-0.1825232054153002,0.5954415968605347
-1.0189372899407498,0.008975028798352441
0.06989178526517811,0.8754149881084257
-0.8940132220350311,0.017764411287606866
-0.865540601287785,0.037060339572144524
-0.45559146444143933,0.23827794343694447
-0.2500967854389295,0.49713532542380146
-0.6792306723804122,0.11761750829063318
-0.32360309190326325,0.4094418784006367
-0.6804369237008905,0.060410366212958665
-0.8144065472493942,0.0487317784424692
-0.3454455883915612,0.3354619272573455
-0.6879506150322081,0.09877053075943407
-0.49670702741471406,0.22562141172366523
-0.7268614119237043,0.07496398832956823
-0.7851481644793898,0.047872705791096815
-0.7814405089670928,0.06866499003832612
-0.6320103450217166,0.06351580432265735
-0.5710914526089464,0.1453754903139724
-0.8033306530646066,0.0348193844984815
-1.0939883821173362,0.011368849313942874
-0.7175774905671127,0.050657992648899516
-0.6573233367940174,0.08290775168612441
-0.23218517262803953,0.5831540942931184
-0.2720001283901529,0.464121339628678
-0.9197563003936893,0.014013125074914836
-0.5987410930857712,0.18169226188382004
-0.560029556996492,0.11734436691734886
-0.4940649864361489,0.19498164161642653
-0.7976488207471847,0.022711267817287346
-0.055764256662429,0.8841972120633436
-0.1953846266155648,0.6112665949497367
-0.35658437321820174,0.37121845465260833
-0.1135985292757184,0.7671194707471
-0.587877578260276,0.09727926086292304
-0.7657637901102157,0.07242259964733454
-0.060160183379019676,0.870991969440098
-0.3061482448511052,0.4877736508845672
-1.3671625195509725,0.001018394844988077
-0.5839464541550847,0.1375456419860272
-1.1139050021594266,0.0038346612230581393
-0.7576560591858479,0.08301376518640399
-0.41078678101995947,0.25232703686785213
-0.6859149109702309,0.07686455071969198
-0.0013529523526972598,0.9971062096062174
-1.3468307538910254,8.289938800000453e-4
-0.8837970201797388,0.044170160625807794
-0.6937979012654916,0.0701454171834634
-0.9464757512666979,0.015691318727625483
-0.15856798158029065,0.6950963188782844
-0.2388381246805375,0.5061609445064128
-0.9726462015819591,0.02349324455851601
-0.44046181275614915,0.23520860279948902
-0.600842778767614,0.08887479954306945
-0.3050570494375654,0.47343368473990544
-1.0194664360840529,0.02178653443520435
-0.7254417647448586,0.05549642614473079
-0.7576673591558329,0.07758836001935755
-0.9537472358475642,0.02203176479713489
-0.8684562627907353,0.030179352069666328
-0.5322851260664168,0.18069582407968424
-0.4305353058124458,0.3162237702545663
-0.26458021300556483,0.5126823812942469
-0.621696041735243,0.09311756998104886
-1.0938957601213333,0.004270018132355606
-0.3705006712390592,0.38904767433693344
-0.6695713978787462,0.24669394370725203
-0.9463527933320623,0.032221992700704416
-0.24322775791884013,0.5395377356753481
-1.5924220911669928,3.9610550195930924e-4
-0.56856576223621,0.14749790750496714
-1.0366673609496317,0.01156106846529809
-0.9878328017573265,0.010320252662405417
-0.46965435315025345,0.20041147875156404
-0.4285656976099826,0.2923786512558779
-0.517817970574904,0.1605987072508059
-1.3411804965136154,0.038597538979910744
-0.4858318843366032,0.16010283521575888
-0.9288389020574628,0.050171144294380556
-0.493300348278701,0.19710631786176494
-0.8672783893544742,0.03949026425425957
-0.6040345123006637,0.1438567840698683
-1.1629076066150998,0.008282408751260247
-0.8337061387796324,0.04055062683687238
-1.1462686988471584,0.002419637454778404
-0.770749677673939,0.051913938441521534
-0.666590883299347,0.06651362139319696
-1.164428651513702,0.008405214092698652
-0.9333953555423108,0.0354083984697898
-0.8426156298759194,0.0488669660147754
-0.13135431754649554,0.7278452956078156
-0.8991042068881688,0.029865540648441997
-1.0364353334262388,0.049221962714261554
-0.609659805432803,0.09522017078290218
-0.36646866710816545,0.2957284112519379
-0.3638901057889236,0.3127230379519107
-0.4338430555618924,0.25323911310040337
-1.29110482795775,0.0020745993326482014
-0.17747500439366404,0.6911802327613863
-0.6418204775428751,0.1317803923604071
-0.7154964379033162,0.1361266827294134
-0.5021415234468422,0.17151070484422998
-0.8497550874326316,0.018463838433181546
-0.5518128938472232,0.1151598199183192
-1.0632423018428312,0.03243049978548387
-0.4383872229741199,0.35218127575075525
-0.3967790097762932,0.3135565324247177
-0.8243504324497878,0.02671172530416365
-0.5853849885814773,0.15424133065046933
-0.2079114301761637,0.5583253557273438
-0.23066544833411134,0.5446736888644168
-0.8001877864588532,0.053040319813053856
-0.8446893845606506,0.07247372560998594
-0.7785908866404323,0.052230476509365416
-0.4323367999396083,0.2512414357538413
-0.6740573061150221,0.10053508517757218
-0.984533739854307,0.016445750534529752
-0.7674299319922734,0.06315980764710452
-0.6340382178579106,0.12073030806312851
-0.8117320401434334,0.02070030925601787
-0.28700060757140156,0.489137273002133
-1.0060296826005168,0.016364460691946036
-0.5533963439328797,0.12982738769436095
-0.7845578280394678,0.0680402872158044
-0.5950300016106738,0.08118843741310576
-0.5206225222805743,0.14430092376209527
-1.2829374891337155,0.007362751153500072
-0.8438583513255566,0.02072074974895054
-0.7044416434025765,0.08081321684038202
-0.398133984307901,0.31287716992908066
-0.7068228605528454,0.06698060009703326
0.12846654859789944,0.7265006182828326
-1.131534504967478,0.002795708817232726
-0.8771922140456049,0.02324325030000614
-2.0050955024934503,1.6289451998604054e-4
-0.5371620269209778,0.2030450806724433
-0.87968398534947,0.00867035028246448
-0.8882652170461026,0.025715811774911473
-0.6707116587883237,0.14756866501381868
-0.8476080190979843,0.017639894619853262
-0.7997362321478366,0.052736973789347594
-0.48071149473198754,0.18784050979929562
-0.9270933589171284,0.03660043591538253
0.003517543014763161,0.9924561803246335
-1.1020911938345272,0.003651898678056698
-0.09782201288283224,0.7998589272924124
0.03016771894400257,0.9375242552945956
-0.7046147586085931,0.064217833813157
-0.886479672089746,0.042892413071744274
-0.8999357031082812,0.026922994531864888
-0.7791640996778808,0.03176982985431012
-0.9375062769424977,0.01249205139302902
-0.35856777517045557,0.3403667930691486
-0.6424874623616519,0.14004410546642668
-0.7338536158306643,0.08924175651119293
-0.5805638146771628,0.10575510642545159
-0.4261355506241169,0.21781302749372136
-0.18260091131581524,0.6147262565472431
-0.5895435199337687,0.11243334093089169
-1.4359428190770736,6.874524168131461e-4
-1.2509060780029697,0.010516372248640424
-1.0447174997205897,0.01598929102091303
-0.2859913007193145,0.45397415344677355
-0.5516834553547615,0.1266868247472432
-0.3570137507163575,0.348223316529692
-0.5743913662255727,0.07554775918162007
-0.8319152686493515,0.04075483841096806
-0.6488216297916172,0.10269712467712966
-1.2130084863544803,0.01754146694638005
-0.9233866542890233,0.023256779334721252
-1.0313132717024918,0.015761285756539966
0.08689733148969565,0.81665454025836
-0.5061207470699371,0.21438231006835115
-0.961946257944242,0.016707802209289222
-0.8743137012436094,0.04081925491911819
0.036729321169044905,0.9444520612590592
-1.1467931678592858,0.008162467134984435
-0.2818939697556381,0.45402841843272723
-0.7213915506588244,0.04859077543017676
-0.7973358570958892,0.04666660362127718
-0.5579743401588847,0.10703223588526857
-0.5525492178931382,0.14899047923204103
-0.5559750025443204,0.1013374556735908
-0.41166374693661045,0.23170072390103943
-0.21810571645687837,0.5687520224296625
-0.9810663693185427,0.01884037069953127
-0.1491505639434994,0.6817544159934972
-0.3355475350791398,0.37744317774306757
-0.49332386285761187,0.2011441476547136
-0.4376414455672494,0.21287697566344432
-0.8513806566571751,0.054635912706923855
-0.8623247171036564,0.08355263455965288
-0.18312652847012817,0.6063575357611601
-1.1023038810055446,0.024191537236997847
-0.45915041016054653,0.3842983152902171
-0.42712224971402546,0.2516903400187677
-0.48323715063581985,0.3176212901760815
-0.5443697336997662,0.15000106943813366
-0.8433451370916574,0.030896894887628545
-0.027255816441956526,0.9420457032342413
-0.5937603191766759,0.10753788225586387
-0.16630423826255492,0.6437920075959876
-0.8996886886900392,0.024095070214944676
-0.34232145366181954,0.33551760484454235
-0.5057304880148257,0.1569029454612242
-0.5813442196546778,0.11840328521747637
-0.3695895346377277,0.33500058380737413
-0.775007334004074,0.060135874032523996
-0.5417421027010898,0.10691676544467543
-0.42632566591549864,0.24258528565906287
-0.8139116053791747,0.059329220507362605
-0.007196925020765885,0.9849268067496365
-0.9403511985302113,0.0213554118417428
-0.7876796199383095,0.06034549456761323
-0.5129653372795583,0.14680351101621333
-0.8433761316487647,0.04003977690293309
-0.7123924339460591,0.08683473272979854
-0.2201623630584866,0.5451532251810922
-0.8345479169045966,0.01959043101948448
0.04825648339739868,0.9086805271435807
-0.2627395957434987,0.48803080455854225
-0.6662421953604473,0.0887718294648007
-0.3475555521236151,0.3637026434288623
-0.8100812008218785,0.02965941611619978
-0.19457494130348096,0.5986754630832716
-0.45033599407246977,0.2419172397960402
-0.837990336446694,0.0469831965713402
-0.3171095710088374,0.4337357774690918
-0.4988965506087126,0.1784438992354621
-0.9436421709164861,0.01378314364863577
-1.4780232503775708,3.3906077180099206e-4
-0.23082800646994547,0.538511088003706
-0.4302715810245667,0.33445808769250895
-0.8291019134031627,0.04382310738134427
-0.4891909646580863,0.18689484970865824
-0.9871976105923471,0.01859514674697851
-0.28659581044104243,0.47305461236219765
-1.1112766683852955,0.005528280795241398
-0.5102687824906229,0.21416132973887483
-0.9881252776175113,0.012297385319211622
-0.6766534085585335,0.05341183153745566
-0.7304129227508724,0.056986099926267096
-0.4009027348693898,0.23419844732438488
-0.3032714731289767,0.42986348230077726
-0.5819864517135922,0.10134234800971172
-0.36937012148244,0.3501638667528087
-0.7095930430587504,0.07361324466547903
0.1219635975165065,0.7464602290462152
-0.31172269208532516,0.3898167000158267
-0.27226623877412237,0.49101947336686896
-0.8355714722209692,0.058024987236383496
-0.5653957367646808,0.14000191770397163
-1.1157559809408182,0.0039260147289473515
-0.5535987457684557,0.1724354172039549
-0.5456833474746701,0.17009981743724248
-0.6701143822331934,0.05447231677257113
-0.5406540394202647,0.2308005578392472
-0.5862544527533486,0.11315176529906228
-1.0304941807191599,0.009891506562958651
-0.8773740855744325,0.0365756290363616
-0.8390851079753497,0.03767181906367708
-0.8979692868523385,0.02143662259164363
-0.3931908844417389,0.2497138331464525
0.07745582339520153,0.8411781252667011
-1.0062379371724384,0.01697558618711936
-1.0501048410061051,0.004528724437105689
-0.693442335471606,0.0667430323432672
-1.0282333455479202,0.006911157031908837
-0.02628308522324288,0.9510954835506269
-0.36757912262935244,0.35971197141372635
-0.4993188714467655,0.168580196833397
-0.5496218458767979,0.12100604409852803
-0.8229220682695096,0.05685087283548927
-0.7755432273740528,0.03044676214978342
-0.4547899474138922,0.20576564048492177
-0.7179960902920599,0.07533774305558949
-0.7598278881342759,0.05087333934230202
-0.17172158399692933,0.6590508549645117
-0.6749435784418603,0.0759836535654649
-0.8056768540253728,0.04137544633717741
-0.7338622905686156,0.08646033836688075
-0.09511213154149167,0.7864309338541966
-1.4989471875674114,0.005444989333733411
-0.7770282769846975,0.15989394974248786
-0.7268121569624515,0.07048780147380486
-1.0093308168456872,0.024824600618447632
-0.658988508407745,0.06382095859433166
-0.4697172119824611,0.2858958091843165
-0.5953123368398947,0.18654297680507018
-0.6029804296583776,0.08457485928696254
-0.5752803579662814,0.12444450732724587
-1.125961855185111,0.0033524334464746825
-1.3956029351549188,0.0010411873505577205
-0.5477823617712015,0.20131754664001467
-1.7739601355141912,8.676040724665955e-5
-0.2263752142883417,0.4945065194436699
-0.5173368105658483,0.19195954521067904
-0.6051869324737197,0.11137428216189706
-0.42607960174754367,0.2550635708163488
-0.4610652406084125,0.19212799750618792
-0.6226752716339111,0.10358705044562205
-0.6215819801003792,0.13151500045939762
-0.9178032970549068,0.018302145635469586
-0.25911335784662637,0.5351674668115616
-0.7587065094852777,0.09818088222451314
-0.7668752333629516,0.08406998290465618
-0.9593608942665929,0.04163829106738529
-0.8740455108824948,0.025046451595637932
-1.1920971465627441,0.003891630960945951
-0.5239311166285857,0.14698891221378396
-0.6690262066037496,0.07917659467174534
-0.36911579328826044,0.29457889246527497
-1.117267851479593,0.005556099181253016
-1.0434245856478668,0.007799459256522595
-0.8411288164491781,0.05301958975342248
-0.47559492011668525,0.19739121977328528
-0.6576999348659628,0.0720440573000947
-0.6409393191025652,0.07412818061369872
-1.2637785869918559,0.003598831949148826
-0.0643098683048741,0.8818675674217487
-1.0475769237144648,0.010606111470636514
-0.6356090692437316,0.12996208710725718
-0.8984076563792085,0.034699467229009226
-0.6067868082522259,0.10538166161309469
-0.5682669873416828,0.1481986537421855
-1.5375094457749665,1.7583441411452393e-4
-0.5139855017614656,0.20171718091883947
-0.7264139981400181,0.04278741979308795
-1.019275665365773,0.007372695862609264
-1.1350160055257794,0.026651545435172355
-0.9422559206548767,0.018217194902278425
-0.4410924562076549,0.23380048615614518
-1.787723338379761,5.833031865901143e-4
-0.030160383785930195,0.937483809670385
-0.7866054336422871,0.02029536626079572
-0.26632180614555434,0.5239515014081082
-0.2720793597261817,0.49584664172135945
-0.34089606767182373,0.43843079193366735
-0.23558486009098273,0.525321380189813
-1.054893775820673,0.013721299556144088
-0.434738061176023,0.2628821144560579
-0.23647168533970686,0.5095823406625759
-0.5980885300183336,0.12681778587244913
-0.5499195071747961,0.13088976821709808
0.033420321202835994,0.9355605396453609
-0.8210016705936511,0.036949239268960814
-0.5818202682475795,0.12416019839479707
-0.5399344380533213,0.1594105783076668
-0.46174589314132236,0.21113499258966897
-0.05299791461006898,0.88327308910842794
-1.3182121678081624,0.002464588187052317
-0.8053950270070134,0.025867456868488615
-0.8364927707400257,0.029802809789372765
-1.241654911593256,0.0066549811298929505
-0.7841528480807434,0.034699936171461936
-0.5915201939550838,0.09639157130805732
-0.48338735199237404,0.16941547748926736
-0.8008957483657001,0.04902939771523237
-1.4625169509939213,0.009894436975701176
-0.9245373244412701,0.024773496630039287
-1.6940173287998967,2.782578307353046e-4
-0.6548872425191364,0.08115477153868766
-0.6169361735166182,0.11681087431461046
-1.1559285488683686,0.00960736913621372
-0.6414046516998002,0.06303268310736997
0.21781326144852667,0.5738300802375071
-0.9774516770958628,0.014384397721033499
-0.5102270660703773,0.19520672921259333
-0.5259785407597977,0.12540021022154732
-0.7637337736423175,0.059179714841576525
-0.6258615546721729,0.10408006172136756
-0.8465752738575213,0.038166936886799924
-0.23663244376235426,0.5063109760913818
-0.5539760249396518,0.1999827630635527
2.8173474453547473e-4,0.9993724570741853
-1.085260573493259,0.009200261013805259
-0.07339689912952915,0.8608347284438072
-1.3188316235895765,0.0039640934871006395
-0.5612902295787129,0.16542910587778992
-0.4565730005741062,0.2556033491790268
-0.32074501962161867,0.38101750451295213
-0.2157328452313972,0.6198102969134822
-0.4482614701677856,0.26725130204440245
-0.20617253214781525,0.6103241933846286
-0.6227151136120775,0.08941074060148577
-0.8057515763211627,0.041671789538051805
-1.1769322120825048,0.003482821524404229
-0.989130175086338,0.016549980326531627
-0.24892939039485207,0.5235846537054798
-0.33254436730287135,0.4080938100978602
-0.5961043093020579,0.10456355219355709
-0.35059014681503886,0.37832304691483976
-0.41818232920836373,0.2772879016375669
-0.7246279168701774,0.05046134384641048
-0.7028577990551139,0.054587353502530585
-1.6958464091327752,2.8393066470137776e-4
-1.414555321188516,6.293759479899702e-4
-0.6793391739078255,0.13980063823920177
-0.6466820801077319,0.08136853403643622
